{"cameraMode":{"drawMode":0,"name":"Shaded","section":"Shading Mode"},"sceneLighting":true,"audioPlay":false,"sceneViewState":{"m_AlwaysRefresh":false,"showFog":true,"showSkybox":true,"showFlares":true,"showImageEffects":true,"showParticleSystems":true,"showVisualEffectGraphs":true,"m_FxEnabled":true},"in2DMode":false,"pivot":{"x":279.33807373046877,"y":5.343983173370361,"z":187.1864471435547},"rotation":{"x":0.00501228217035532,"y":-0.9913897514343262,"z":-0.039865780621767047,"w":-0.12465210258960724},"size":4.313884258270264,"orthographic":false}